"id","sentiment"
1,2
2,2
3,2
4,1
5,3
6,3
7,3
8,2
9,1
10,2
11,1
12,1
13,2
14,2
15,2
16,2
17,1
18,1
19,1
20,1
21,1
22,2
23,1
24,2
25,3
26,2
27,1
28,2
29,2
30,3
31,1
32,1
33,1
34,1
35,1
36,1
37,1
38,2
39,1
40,3
41,2
42,3
43,3
44,1
45,2
46,1
47,1
48,3
49,1
50,1
51,3
52,1
53,2
54,2
55,2
56,1
57,2
58,1
59,1
60,1
61,1
62,3
63,1
64,3
65,3
66,1
67,2
68,1
69,1
70,2
71,3
72,3
73,2
74,3
75,3
76,2
77,3
78,2
79,1
80,1
81,2
82,2
83,3
84,2
85,1
86,1
87,2
88,3
89,2
90,1
91,3
92,2
93,1
94,3
95,1
96,2
97,3
98,3
99,2
100,2
101,1
102,1
103,1
104,1
105,1
106,3
107,2
108,1
109,3
110,3
111,2
112,1
113,1
114,3
115,3
116,3
117,3
118,1
119,3
120,3
121,1
122,2
123,1
124,1
125,2
126,3
127,2
128,3
129,3
130,3
131,3
132,1
133,2
134,2
135,1
136,3
137,3
138,1
139,1
140,2
141,3
142,3
143,3
144,2
145,1
146,3
147,3
148,2
149,3
150,3
151,1
152,3
153,3
154,1
155,3
156,3
157,3
158,1
159,3
160,2
161,2
162,2
163,3
164,1
165,1
166,1
167,1
168,3
169,3
170,3
171,1
172,1
173,3
174,1
175,1
176,1
177,1
178,2
179,1
180,1
181,3
182,1
183,3
184,2
185,3
186,3
187,3
188,3
189,3
190,1
191,2
192,2
193,1
194,2
195,3
196,2
197,3
198,2
199,2
200,1
201,3
202,3
203,3
204,3
205,1
206,1
207,2
208,3
209,2
210,3
211,1
212,2
213,1
214,3
215,3
216,1
217,3
218,3
219,3
220,3
221,3
222,2
223,2
224,2
225,2
226,1
227,2
228,2
229,2
230,1
231,3
232,1
233,3
234,3
235,3
236,2
237,1
238,3
239,1
240,2
241,3
242,2
243,2
244,3
245,1
246,2
247,1
248,2
249,2
250,3
251,3
252,3
253,3
254,3
255,1
256,3
257,3
258,1
259,2
260,2
261,3
262,1
263,1
264,2
265,1
266,3
267,1
268,3
269,2
270,3
271,3
272,3
273,1
274,1
275,1
276,1
277,3
278,1
279,2
280,3
281,2
282,1
283,3
284,3
285,3
286,3
287,2
288,2
289,1
290,2
291,2
292,1
293,1
294,1
295,2
296,1
297,1
298,1
299,1
300,2
301,3
302,3
303,2
304,1
305,1
306,2
307,3
308,1
309,2
310,1
311,1
312,1
313,3
314,1
315,2
316,1
317,1
318,2
319,3
320,1
321,3
322,3
323,2
324,3
325,2
326,3
327,3
328,2
329,2
330,3
331,3
332,2
333,1
334,1
335,2
336,3
337,1
338,1
339,3
340,3
341,3
342,3
343,3
344,2
345,3
346,3
347,1
348,2
349,2
350,3
351,1
352,2
353,1
354,3
355,3
356,1
357,3
358,3
359,3
360,2
361,3
362,1
363,2
364,3
365,2
366,3
367,2
368,3
369,1
370,1
371,3
372,1
373,2
374,1
375,1
376,3
377,3
378,2
379,1
380,3
381,1
382,3
383,2
384,1
385,3
386,1
387,2
388,1
389,3
390,3
391,1
392,1
393,1
394,1
395,2
396,1
397,3
398,3
399,2
400,2
401,1
402,2
403,3
404,2
405,3
406,2
407,2
408,1
409,2
410,2
411,1
412,1
413,2
414,2
415,1
416,2
417,1
418,3
419,2
420,3
421,3
422,1
423,3
424,1
425,2
426,1
427,3
428,2
429,2
430,1
431,2
432,3
433,1
434,2
435,1
436,3
437,3
438,3
439,1
440,1
441,2
442,1
443,1
444,2
445,3
446,3
447,2
448,1
449,2
450,3
451,2
452,1
453,2
454,3
455,3
456,1
457,1
458,2
459,2
460,1
461,2
462,2
463,2
464,3
465,1
466,3
467,3
468,2
469,2
470,1
471,3
472,2
473,1
474,3
475,2
476,2
477,1
478,3
479,3
480,2
481,2
482,2
483,2
484,1
485,2
486,1
487,3
488,1
489,1
490,3
491,3
492,1
493,2
494,2
495,3
496,2
497,1
498,2
499,2
500,1
501,1
502,1
503,3
504,1
505,3
506,2
507,2
508,1
509,2
510,3
511,3
512,1
513,1
514,1
515,3
516,3
517,3
518,2
519,1
520,1
521,2
522,2
523,1
524,2
525,1
526,1
527,1
528,1
529,2
530,3
531,1
532,2
533,3
534,3
535,3
536,3
537,1
538,1
539,1
540,2
541,3
542,1
543,1
544,3
545,1
546,1
547,2
548,2
549,2
550,1
551,3
552,2
553,2
554,1
555,1
556,2
557,1
558,3
559,2
560,1
561,2
562,3
563,2
564,1
565,1
566,3
567,2
568,2
569,3
570,3
571,1
572,1
573,3
574,3
575,1
576,1
577,2
578,1
579,3
580,3
581,3
582,2
583,3
584,2
585,1
586,3
587,2
588,2
589,3
590,1
591,1
592,1
593,2
594,2
595,1
596,1
597,3
598,3
599,1
600,3
601,1
602,1
603,2
604,3
605,1
606,3
607,3
608,2
609,3
610,2
611,2
612,1
613,2
614,3
615,3
616,1
617,1
618,3
619,2
620,3
621,2
622,3
623,3
624,1
625,1
626,2
627,3
628,3
629,2
630,2
631,1
632,2
633,3
634,3
635,1
636,2
637,3
638,1
639,1
640,3
641,1
642,1
643,1
644,3
645,2
646,3
647,1
648,2
649,3
650,3
651,3
652,2
653,1
654,1
655,2
656,2
657,2
658,2
659,3
660,2
661,3
662,2
663,2
664,1
665,1
666,2
667,2
668,1
669,2
670,2
671,2
672,2
673,2
674,2
675,2
676,1
677,2
678,3
679,3
680,3
681,3
682,1
683,3
684,3
685,3
686,1
687,2
688,2
689,3
690,2
691,1
692,1
693,1
694,1
695,3
696,1
697,3
698,3
699,1
700,2
701,2
702,1
703,3
704,3
705,3
706,2
707,1
708,1
709,1
710,1
711,2
712,3
713,3
714,2
715,1
716,1
717,1
718,3
719,2
720,1
721,2
722,2
723,1
724,3
725,1
726,2
727,2
728,1
729,1
730,3
731,3
732,3
733,3
734,3
735,2
736,3
737,3
738,2
739,2
740,2
741,1
742,1
743,1
744,2
745,3
746,2
747,1
748,1
749,1
750,3
751,3
752,2
753,1
754,1
755,2
756,1
757,3
758,3
759,3
760,3
761,1
762,3
763,1
764,2
765,3
766,1
767,3
768,1
769,3
770,3
771,3
772,1
773,1
774,2
775,2
776,2
777,2
778,1
779,1
780,1
781,3
782,3
783,1
784,3
785,2
786,1
787,2
788,1
789,2
790,3
791,3
792,2
793,2
794,3
795,2
796,1
797,3
798,3
799,2
800,1
801,3
802,3
803,2
804,1
805,2
806,2
807,3
808,3
809,3
810,1
811,2
812,2
813,3
814,2
815,2
816,1
817,1
818,1
819,2
820,1
821,3
822,1
823,3
824,2
825,1
826,2
827,2
828,3
829,2
830,3
831,2
832,3
833,1
834,2
835,2
836,1
837,1
838,3
839,3
840,2
841,1
842,3
843,1
844,3
845,3
846,1
847,1
848,1
849,2
850,3
851,3
852,1
853,1
854,1
855,3
856,2
857,1
858,2
859,3
860,1
861,2
862,3
863,3
864,2
865,2
866,2
867,2
868,3
869,2
870,3
871,2
872,2
873,3
874,3
875,2
876,1
877,3
878,3
879,2
880,3
881,2
882,3
883,1
884,1
885,3
886,2
887,1
888,1
889,3
890,3
891,3
892,1
893,3
894,3
895,2
896,1
897,1
898,3
899,1
900,3
901,2
902,3
903,2
904,2
905,2
906,3
907,2
908,3
909,2
910,3
911,1
912,1
913,3
914,2
915,3
916,3
917,3
918,2
919,2
920,3
921,2
922,3
923,3
924,2
925,1
926,1
927,2
928,3
929,2
930,3
931,1
932,3
933,3
934,2
935,3
936,3
937,3
938,2
939,1
940,2
941,3
942,1
943,1
944,3
945,1
946,3
947,3
948,3
949,3
950,3
951,3
952,3
953,1
954,3
955,1
956,3
957,2
958,2
959,2
960,1
961,3
962,3
963,1
964,1
965,3
966,1
967,2
968,1
969,2
970,1
971,2
972,1
973,1
974,3
975,1
976,1
977,3
978,1
979,3
980,1
981,2
982,1
983,2
984,3
985,1
986,1
987,1
988,1
989,1
990,3
991,1
992,3
993,3
994,1
995,2
996,2
997,1
998,3
999,3
1000,3
1001,3
1002,2
1003,2
1004,2
1005,3
1006,1
1007,3
1008,2
1009,3
1010,1
1011,2
1012,1
1013,1
1014,2
1015,1
1016,2
1017,3
1018,2
1019,1
1020,2
1021,1
1022,1
1023,1
1024,2
1025,2
1026,3
1027,3
1028,2
1029,3
1030,2
1031,2
1032,1
1033,2
1034,1
1035,3
1036,2
1037,3
1038,2
1039,2
1040,1
1041,3
1042,3
1043,2
1044,3
1045,1
1046,3
1047,1
1048,2
1049,3
1050,1
1051,3
1052,3
1053,2
1054,2
1055,3
1056,2
1057,2
1058,1
1059,2
1060,1
1061,1
1062,3
1063,2
1064,1
1065,3
1066,3
1067,2
1068,2
1069,3
1070,2
1071,2
1072,2
1073,2
1074,1
1075,2
1076,3
1077,2
1078,3
1079,1
1080,1
1081,1
1082,3
1083,1
1084,2
1085,3
1086,2
1087,2
1088,2
1089,3
1090,1
1091,2
1092,2
1093,1
1094,1
1095,3
1096,2
1097,3
1098,2
1099,1
1100,1
1101,1
1102,1
1103,1
1104,3
1105,2
1106,3
1107,2
1108,3
1109,1
1110,2
1111,1
1112,1
1113,2
1114,1
1115,1
1116,3
1117,1
1118,3
1119,3
1120,2
1121,1
1122,3
1123,2
1124,1
1125,3
1126,1
1127,2
1128,1
1129,2
1130,1
1131,3
1132,2
1133,1
1134,1
1135,3
1136,3
1137,2
1138,2
1139,1
1140,1
1141,1
1142,2
1143,2
1144,1
1145,3
1146,1
1147,3
1148,3
1149,1
1150,1
1151,1
1152,1
1153,1
1154,2
1155,3
1156,3
1157,3
1158,3
1159,3
1160,3
1161,1
1162,2
1163,2
1164,2
1165,1
1166,3
1167,1
1168,3
1169,2
1170,2
1171,1
1172,3
1173,2
1174,1
1175,3
1176,2
1177,1
1178,2
1179,3
1180,3
1181,2
1182,2
1183,3
1184,2
1185,3
1186,1
1187,3
1188,2
1189,1
1190,3
1191,2
1192,2
1193,2
1194,2
1195,2
1196,1
1197,3
1198,3
1199,3
1200,1
1201,2
1202,2
1203,2
1204,2
1205,2
1206,3
1207,2
1208,1
1209,1
1210,1
1211,1
1212,3
1213,1
1214,2
1215,3
1216,1
1217,1
1218,1
1219,1
1220,1
1221,3
1222,2
1223,1
1224,3
1225,2
1226,3
1227,2
1228,2
1229,3
1230,3
1231,1
1232,3
1233,3
1234,2
1235,3
1236,2
1237,2
1238,3
1239,2
1240,2
1241,2
1242,2
1243,1
1244,2
1245,1
1246,3
1247,3
1248,2
1249,1
1250,2
1251,1
1252,2
1253,1
1254,2
1255,2
1256,3
1257,2
1258,1
1259,2
1260,3
1261,3
1262,3
1263,2
1264,2
1265,2
1266,1
1267,2
1268,3
1269,3
1270,3
1271,2
1272,2
1273,1
1274,1
1275,2
1276,3
1277,2
1278,2
1279,3
1280,3
1281,3
1282,3
1283,1
1284,2
1285,3
1286,2
1287,2
1288,1
1289,3
1290,3
1291,1
1292,3
1293,3
1294,1
1295,3
1296,3
1297,1
1298,2
1299,2
1300,1
1301,3
1302,2
1303,1
1304,3
1305,3
1306,2
1307,1
1308,3
1309,2
1310,2
1311,1
1312,2
1313,1
1314,2
1315,1
1316,3
1317,1
1318,1
1319,3
1320,2
1321,2
1322,2
1323,2
1324,2
1325,1
1326,1
1327,1
1328,3
1329,2
1330,3
1331,2
1332,2
1333,3
1334,1
1335,3
1336,3
1337,1
1338,3
1339,2
1340,3
1341,3
1342,2
1343,2
1344,2
1345,2
1346,2
1347,2
1348,1
1349,3
1350,2
1351,1
1352,3
1353,1
1354,1
1355,2
1356,2
1357,1
1358,3
1359,2
1360,3
1361,3
1362,3
1363,2
1364,3
1365,1
1366,3
1367,1
1368,2
1369,1
1370,3
1371,2
1372,3
1373,2
1374,3
1375,3
1376,1
1377,2
1378,3
1379,3
1380,1
1381,1
1382,3
1383,3
1384,1
1385,2
1386,1
1387,1
1388,2
1389,1
1390,1
1391,1
1392,3
1393,3
1394,3
1395,1
1396,2
1397,1
1398,2
1399,2
1400,3
1401,2
1402,3
1403,3
1404,3
1405,3
1406,1
1407,2
1408,1
1409,3
1410,1
1411,3
1412,3
1413,3
1414,1
1415,2
1416,1
1417,1
1418,3
1419,3
1420,2
1421,3
1422,3
1423,1
1424,3
1425,3
1426,1
1427,2
1428,3
1429,1
1430,2
1431,3
1432,3
1433,2
1434,2
1435,1
1436,2
1437,1
1438,2
1439,1
1440,2
1441,2
1442,1
1443,2
1444,3
1445,3
1446,1
1447,1
1448,1
1449,3
1450,3
1451,3
1452,2
1453,2
1454,3
1455,2
1456,3
1457,1
1458,1
1459,3
1460,3
1461,3
1462,1
1463,3
1464,2
1465,2
1466,2
1467,1
1468,2
1469,1
1470,1
1471,2
1472,1
1473,2
1474,2
1475,3
1476,3
1477,2
1478,1
1479,3
1480,2
1481,2
1482,3
1483,3
1484,2
1485,1
1486,3
1487,2
1488,2
1489,3
1490,2
1491,2
1492,1
1493,1
1494,3
1495,3
1496,3
1497,3
1498,1
1499,1
1500,2
1501,3
1502,1
1503,2
1504,1
1505,2
1506,2
1507,1
1508,2
1509,1
1510,3
1511,1
1512,1
1513,1
1514,1
1515,3
1516,3
1517,3
1518,2
1519,1
1520,2
1521,2
1522,3
1523,3
1524,1
1525,2
1526,1
1527,1
1528,2
1529,2
1530,3
1531,1
1532,1
1533,2
1534,3
1535,2
1536,3
1537,2
1538,2
1539,2
1540,1
1541,1
1542,1
1543,3
1544,1
1545,2
1546,3
1547,1
1548,3
1549,2
1550,1
1551,3
1552,1
1553,3
1554,3
1555,1
1556,1
1557,2
1558,1
1559,3
1560,1
1561,2
1562,2
1563,3
1564,3
1565,2
1566,3
1567,3
1568,1
1569,1
1570,2
1571,1
1572,2
1573,1
1574,2
1575,3
1576,2
1577,1
1578,3
1579,1
1580,1
1581,1
1582,1
1583,2
1584,2
1585,2
1586,1
1587,3
1588,2
1589,3
1590,2
1591,1
1592,3
1593,1
1594,1
1595,3
1596,2
1597,3
1598,1
1599,3
1600,1
1601,1
1602,1
1603,3
1604,1
1605,1
1606,2
1607,2
1608,1
1609,1
1610,2
1611,2
1612,2
1613,1
1614,1
1615,1
1616,2
1617,3
1618,3
1619,1
1620,1
1621,3
1622,3
1623,2
1624,2
1625,2
1626,2
1627,2
1628,1
1629,2
1630,3
1631,1
1632,3
1633,3
1634,2
1635,2
1636,3
1637,3
1638,1
1639,1
1640,3
1641,1
1642,3
1643,1
1644,3
1645,2
1646,2
1647,3
1648,3
1649,3
1650,3
1651,2
1652,1
1653,2
1654,1
1655,2
1656,2
1657,3
1658,1
1659,3
1660,2
1661,3
1662,1
1663,1
1664,3
1665,1
1666,1
1667,1
1668,1
1669,2
1670,1
1671,1
1672,2
1673,3
1674,1
1675,2
1676,1
1677,2
1678,2
1679,2
1680,3
1681,3
1682,3
1683,3
1684,2
1685,1
1686,3
1687,1
1688,1
1689,1
1690,3
1691,3
1692,1
1693,3
1694,2
1695,2
1696,2
1697,3
1698,2
1699,3
1700,3
1701,3
1702,3
1703,2
1704,1
1705,3
1706,3
1707,2
1708,3
1709,1
1710,2
1711,1
1712,3
1713,3
1714,1
1715,1
1716,3
1717,3
1718,3
1719,2
1720,3
1721,1
1722,1
1723,2
1724,2
1725,3
1726,3
1727,3
1728,2
1729,1
1730,3
1731,2
1732,2
1733,3
1734,2
1735,1
1736,3
1737,3
1738,2
1739,1
1740,2
1741,2
1742,1
1743,3
1744,3
1745,2
1746,3
1747,1
1748,3
1749,3
1750,2
1751,1
1752,2
1753,1
1754,3
1755,2
1756,1
1757,3
1758,1
1759,1
1760,2
1761,3
1762,2
1763,3
1764,2
1765,1
1766,1
1767,3
1768,3
1769,2
1770,2
1771,3
1772,1
1773,2
1774,2
1775,2
1776,3
1777,1
1778,2
1779,2
1780,1
1781,1
1782,1
1783,1
1784,3
1785,3
1786,1
1787,2
1788,1
1789,3
1790,3
1791,1
1792,3
1793,2
1794,3
1795,3
1796,2
1797,2
1798,1
1799,3
1800,1
1801,3
1802,2
1803,3
1804,1
1805,2
1806,2
1807,3
1808,2
1809,3
1810,3
1811,2
1812,3
1813,2
1814,1
1815,1
1816,2
1817,3
1818,2
1819,1
1820,2
1821,3
1822,3
1823,3
1824,3
1825,3
1826,1
1827,2
1828,3
1829,2
1830,3
1831,3
1832,3
1833,1
1834,1
1835,3
1836,2
1837,3
1838,2
1839,3
1840,2
1841,2
1842,2
1843,3
1844,2
1845,1
1846,2
1847,1
1848,1
1849,2
1850,1
1851,2
1852,1
1853,1
1854,1
1855,2
1856,3
1857,2
1858,3
1859,3
1860,1
1861,2
1862,1
1863,3
1864,1
1865,2
1866,2
1867,3
1868,2
1869,1
1870,1
1871,3
1872,3
1873,3
1874,2
1875,2
1876,3
1877,3
1878,2
1879,1
1880,2
1881,2
1882,3
1883,2
1884,3
1885,1
1886,3
1887,3
1888,1
1889,3
1890,1
1891,1
1892,2
1893,1
1894,1
1895,3
1896,3
1897,3
1898,3
1899,3
1900,1
1901,1
1902,3
1903,3
1904,2
1905,2
1906,1
1907,1
1908,3
1909,1
1910,2
1911,1
1912,3
1913,3
1914,2
1915,1
1916,1
1917,3
1918,2
1919,1
1920,2
1921,1
1922,2
1923,3
1924,2
1925,2
1926,1
1927,2
1928,2
1929,2
1930,3
1931,3
1932,1
1933,1
1934,1
1935,1
1936,1
1937,2
1938,2
1939,3
1940,2
1941,3
1942,3
1943,2
1944,3
1945,3
1946,2
1947,1
1948,1
1949,2
1950,2
1951,1
1952,2
1953,1
1954,1
1955,3
1956,2
1957,1
1958,1
1959,3
1960,3
1961,3
1962,3
1963,1
1964,3
1965,3
1966,2
1967,2
1968,2
1969,2
1970,3
1971,2
1972,2
1973,1
1974,3
1975,2
1976,3
1977,2
1978,2
1979,2
1980,3
1981,2
1982,1
1983,1
1984,3
1985,3
1986,2
1987,2
1988,2
1989,1
1990,1
1991,1
1992,2
1993,2
1994,3
1995,1
1996,2
1997,2
1998,1
1999,3
2000,1
2001,3
2002,3
2003,3
2004,3
2005,2
2006,3
2007,1
2008,3
2009,3
2010,3
2011,2
2012,2
2013,1
2014,3
2015,1
2016,3
2017,3
2018,1
2019,1
2020,2
2021,3
2022,1
2023,1
2024,3
2025,2
2026,2
2027,1
2028,2
2029,2
2030,3
2031,3
2032,3
2033,1
2034,3
2035,2
2036,1
2037,2
2038,1
2039,2
2040,1
2041,2
2042,2
2043,2
2044,1
2045,3
2046,2
2047,2
2048,1
2049,2
2050,3
2051,3
2052,3
2053,1
2054,3
2055,2
2056,1
2057,2
2058,1
2059,3
2060,2
2061,3
2062,1
2063,2
2064,3
2065,1
2066,2
2067,3
2068,3
2069,3
2070,2
2071,1
2072,3
2073,2
2074,2
2075,2
2076,2
2077,3
2078,2
2079,2
2080,3
2081,3
2082,1
2083,2
2084,2
2085,3
2086,1
2087,1
2088,2
2089,1
2090,2
2091,2
2092,3
2093,2
2094,2
2095,3
2096,3
2097,2
2098,3
2099,2
2100,2
2101,3
2102,3
2103,3
2104,2
2105,1
2106,3
2107,2
2108,3
2109,2
2110,3
2111,2
2112,1
2113,2
2114,1
2115,2
2116,3
2117,3
2118,3
2119,1
2120,2
2121,1
2122,3
2123,3
2124,3
2125,2
2126,3
2127,2
2128,3
2129,1
2130,3
2131,3
2132,3
2133,3
2134,2
2135,3
2136,2
2137,3
2138,2
2139,3
2140,2
2141,3
2142,2
2143,3
2144,1
2145,2
2146,3
2147,1
2148,2
2149,3
2150,1
2151,3
2152,2
2153,3
2154,2
2155,1
2156,2
2157,2
2158,2
2159,2
2160,3
2161,1
2162,3
2163,2
2164,1
2165,3
2166,2
2167,2
2168,2
2169,1
2170,1
2171,2
2172,2
2173,2
2174,3
2175,1
2176,1
2177,3
2178,2
2179,1
2180,2
2181,2
2182,2
2183,3
2184,3
2185,2
2186,3
2187,2
2188,3
2189,2
2190,1
2191,1
2192,3
2193,3
2194,2
2195,1
2196,1
2197,1
2198,3
2199,2
2200,2
2201,1
2202,3
2203,2
2204,2
2205,2
2206,1
2207,3
2208,1
2209,2
2210,3
2211,1
2212,1
2213,2
2214,1
2215,2
2216,3
2217,2
2218,2
2219,2
2220,2
2221,3
2222,3
2223,3
2224,3
2225,2
2226,1
2227,2
2228,1
2229,1
2230,1
2231,1
2232,1
2233,1
2234,1
2235,3
2236,3
2237,1
2238,2
2239,2
2240,3
2241,2
2242,3
2243,1
2244,3
2245,1
2246,1
2247,2
2248,3
2249,2
2250,1
2251,1
2252,1
2253,2
2254,2
2255,1
2256,2
2257,2
2258,2
2259,1
2260,1
2261,3
2262,3
2263,1
2264,1
2265,3
2266,2
2267,2
2268,1
2269,1
2270,1
2271,1
2272,2
2273,1
2274,3
2275,1
2276,1
2277,1
2278,1
2279,3
2280,2
2281,2
2282,3
2283,2
2284,1
2285,1
2286,1
2287,3
2288,2
2289,2
2290,2
2291,3
2292,2
2293,3
2294,2
2295,1
2296,3
2297,2
2298,3
2299,2
2300,2
2301,3
2302,1
2303,2
2304,3
2305,3
2306,1
2307,3
2308,1
2309,1
2310,2
2311,2
2312,2
2313,3
2314,2
2315,2
2316,1
2317,2
2318,1
2319,3
2320,1
2321,3
2322,3
2323,3
2324,1
2325,2
2326,1
2327,3
2328,2
2329,1
2330,1
2331,1
2332,3
2333,2
2334,1
2335,1
2336,3
2337,2
2338,2
2339,2
2340,2
2341,2
2342,1
2343,2
2344,3
2345,3
2346,1
2347,2
2348,2
2349,3
2350,1
2351,2
2352,2
2353,1
2354,1
2355,3
2356,1
2357,2
2358,2
2359,2
2360,1
2361,3
2362,1
2363,2
2364,3
2365,2
2366,3
2367,2
2368,2
2369,2
2370,3
2371,1
2372,1
2373,2
2374,1
2375,1
2376,2
2377,1
2378,3
2379,3
2380,2
2381,3
2382,2
2383,3
2384,2
2385,1
2386,3
2387,3
2388,1
2389,1
2390,3
2391,1
2392,2
2393,2
2394,3
2395,1
2396,1
2397,2
2398,1
2399,1
2400,2
2401,3
2402,1
2403,3
2404,1
2405,2
2406,3
2407,1
2408,3
2409,1
2410,1
2411,3
2412,1
2413,2
2414,3
2415,3
2416,2
2417,2
2418,2
2419,2
2420,3
2421,1
2422,3
2423,2
2424,1
2425,1
2426,2
2427,1
2428,3
2429,2
2430,2
2431,2
2432,3
2433,2
2434,3
2435,3
2436,1
2437,3
2438,3
2439,2
2440,3
2441,1
2442,2
2443,1
2444,3
2445,3
2446,2
2447,1
2448,3
2449,3
2450,3
2451,1
2452,2
2453,1
2454,3
2455,3
2456,3
2457,1
2458,1
2459,3
2460,1
2461,1
2462,3
2463,1
2464,1
2465,2
2466,2
2467,3
2468,1
2469,3
2470,2
2471,2
2472,2
2473,2
2474,1
2475,2
2476,1
2477,1
2478,3
2479,3
2480,3
2481,2
2482,2
2483,3
2484,3
2485,3
2486,3
2487,2
2488,1
2489,3
2490,1
2491,3
2492,3
2493,1
2494,1
2495,1
2496,3
2497,3
2498,1
2499,1
2500,1
2501,2
2502,3
2503,2
2504,2
2505,3
2506,2
2507,2
2508,1
2509,3
2510,3
2511,2
2512,1
2513,3
2514,1
2515,2
2516,2
2517,2
2518,3
2519,3
2520,3
2521,1
2522,2
2523,2
2524,2
2525,3
2526,1
2527,3
2528,1
2529,3
2530,2
2531,3
2532,1
2533,1
2534,1
2535,2
2536,3
2537,1
2538,2
2539,3
2540,3
2541,1
2542,2
2543,3
2544,3
2545,1
2546,2
2547,2
2548,1
2549,2
2550,1
2551,1
2552,2
2553,1
2554,1
2555,3
2556,2
2557,1
2558,3
2559,3
2560,1
2561,1
2562,2
2563,1
2564,2
2565,2
2566,3
2567,1
2568,2
2569,1
2570,2
2571,3
2572,2
2573,2
2574,1
2575,1
2576,2
2577,1
2578,3
2579,1
2580,1
2581,3
2582,1
2583,2
2584,3
2585,2
2586,1
2587,1
2588,2
2589,2
2590,1
2591,2
2592,1
2593,1
2594,1
2595,3
2596,2
2597,2
2598,1
2599,2
2600,1
2601,2
2602,3
2603,3
2604,1
2605,3
2606,1
2607,1
2608,1
2609,1
2610,1
2611,2
2612,1
2613,3
2614,3
2615,1
2616,2
2617,2
2618,3
2619,1
2620,3
2621,1
2622,1
2623,3
2624,1
2625,3
2626,2
2627,3
2628,1
2629,3
2630,2
2631,3
2632,3
2633,3
2634,3
2635,2
2636,2
2637,3
2638,1
2639,2
2640,2
2641,1
2642,2
2643,3
2644,1
2645,2
2646,1
2647,3
2648,2
2649,2
2650,3
2651,2
2652,1
2653,2
2654,2
2655,3
2656,1
2657,3
2658,3
2659,3
2660,3
2661,3
2662,3
2663,3
2664,2
2665,2
2666,3
2667,2
2668,1
2669,1
2670,3
2671,1
2672,3
2673,3
2674,3
2675,3
2676,2
2677,3
2678,2
2679,1
2680,2
2681,3
2682,3
2683,2
2684,2
2685,2
2686,2
2687,2
2688,1
2689,2
2690,2
2691,2
2692,1
2693,1
2694,2
2695,3
2696,2
2697,2
2698,2
2699,2
2700,2
2701,1
2702,3
2703,1
2704,3
2705,3
2706,2
2707,2
2708,3
2709,3
2710,1
2711,2
2712,1
2713,3
2714,2
2715,2
2716,1
2717,3
2718,3
2719,2
2720,3
2721,1
2722,1
2723,2
2724,2
2725,1
2726,3
2727,2
2728,2
2729,1
2730,2
2731,1
2732,2
2733,3
2734,2
2735,3
2736,3
2737,3
2738,2
2739,3
2740,2
2741,3
2742,3
2743,2
2744,1
2745,3
2746,1
2747,2
2748,2
2749,2
2750,2
2751,3
2752,3
2753,2
2754,3
2755,2
2756,1
2757,3
2758,3
2759,1
2760,3
2761,1
2762,2
2763,2
2764,1
2765,2
2766,2
2767,1
2768,2
2769,3
2770,1
2771,1
2772,1
2773,3
2774,3
2775,2
2776,1
2777,1
2778,3
2779,2
2780,3
2781,2
2782,3
2783,3
2784,3
2785,3
2786,2
2787,1
2788,3
2789,3
2790,3
2791,2
2792,3
2793,3
2794,1
2795,1
2796,1
2797,3
2798,1
2799,1
2800,2
2801,3
2802,3
2803,2
2804,1
2805,1
2806,3
2807,1
2808,2
2809,1
2810,2
2811,1
2812,3
2813,2
2814,2
2815,2
2816,2
2817,1
2818,3
2819,1
2820,3
2821,3
2822,2
2823,2
2824,1
2825,1
2826,3
2827,1
2828,3
2829,3
2830,2
2831,3
2832,1
2833,1
2834,2
2835,2
2836,2
2837,3
2838,1
2839,2
2840,3
2841,2
2842,2
2843,1
2844,3
2845,2
2846,3
2847,1
2848,1
2849,2
2850,3
2851,3
2852,3
2853,1
2854,2
2855,1
2856,2
2857,1
2858,2
2859,3
2860,1
2861,1
2862,2
2863,3
2864,2
2865,2
2866,1
2867,1
2868,2
2869,3
2870,3
2871,2
2872,3
2873,1
2874,2
2875,1
2876,1
2877,1
2878,1
2879,1
2880,3
2881,2
2882,3
2883,3
2884,2
2885,3
2886,2
2887,1
2888,3
2889,1
2890,2
2891,1
2892,2
2893,3
2894,2
2895,1
2896,1
2897,3
2898,1
2899,2
2900,2
2901,1
2902,1
2903,2
2904,1
2905,1
2906,3
2907,3
2908,2
2909,1
2910,2
2911,1
2912,1
2913,3
2914,1
2915,2
2916,2
2917,3
2918,2
2919,2
2920,1
2921,2
2922,3
2923,1
2924,2
2925,2
2926,2
2927,2
2928,3
2929,2
2930,2
2931,3
2932,3
2933,3
2934,2
2935,3
2936,1
2937,2
2938,2
2939,2
2940,1
2941,3
2942,3
2943,2
2944,2
2945,1
2946,1
2947,2
2948,1
2949,2
2950,2
2951,1
2952,3
2953,3
2954,2
2955,3
2956,1
2957,3
2958,2
2959,1
2960,2
2961,1
2962,2
2963,1
2964,3
2965,3
2966,1
2967,2
2968,3
2969,2
2970,1
2971,1
2972,1
2973,2
2974,1
2975,1
2976,2
2977,1
2978,2
2979,1
2980,2
2981,2
2982,1
2983,2
2984,3
2985,2
2986,1
2987,3
2988,2
2989,3
2990,3
2991,1
2992,1
2993,2
2994,1
2995,3
2996,2
2997,3
2998,2
2999,1
3000,1
3001,2
3002,2
3003,3
3004,3
3005,3
3006,1
3007,3
3008,2
3009,1
3010,2
3011,1
3012,2
3013,3
3014,2
3015,3
3016,1
3017,1
3018,2
3019,2
3020,1
3021,1
3022,2
3023,3
3024,2
3025,2
3026,1
3027,2
3028,1
3029,2
3030,1
3031,1
3032,2
3033,3
3034,3
3035,1
3036,1
3037,3
3038,3
3039,2
3040,1
3041,1
3042,2
3043,3
3044,1
3045,1
3046,3
3047,1
3048,2
3049,1
3050,2
3051,1
3052,2
3053,2
3054,2
3055,3
3056,2
3057,3
3058,2
3059,2
3060,3
3061,3
3062,1
3063,3
3064,3
3065,1
3066,1
3067,1
3068,2
3069,1
3070,2
3071,3
3072,2
3073,3
3074,2
3075,3
3076,3
3077,1
3078,3
3079,2
3080,1
3081,1
3082,1
3083,1
3084,3
3085,2
3086,2
3087,3
3088,2
3089,2
3090,1
3091,1
3092,3
3093,1
3094,3
3095,2
3096,1
3097,3
3098,2
3099,1
3100,2
3101,1
3102,1
3103,1
3104,3
3105,2
3106,1
3107,3
3108,1
3109,1
3110,3
3111,1
3112,1
3113,1
3114,2
3115,3
3116,1
3117,1
3118,2
3119,3
3120,1
3121,3
3122,2
3123,2
3124,1
3125,2
3126,1
3127,2
3128,3
3129,2
3130,1
3131,2
3132,1
3133,3
3134,2
3135,2
3136,3
3137,3
3138,2
3139,3
3140,2
3141,1
3142,2
3143,2
3144,2
3145,3
3146,2
3147,2
3148,1
3149,1
3150,3
3151,3
3152,2
3153,3
3154,2
3155,3
3156,2
3157,3
3158,3
3159,2
3160,3
3161,3
3162,3
3163,1
3164,2
3165,1
3166,2
3167,2
3168,1
3169,2
3170,1
3171,2
3172,3
3173,1
3174,2
3175,3
3176,2
3177,2
3178,3
3179,3
3180,2
3181,3
3182,1
3183,1
3184,2
3185,1
3186,2
3187,2
3188,2
3189,2
3190,2
3191,3
3192,3
3193,1
3194,2
3195,1
3196,3
3197,3
3198,3
3199,3
3200,1
3201,3
3202,3
3203,2
3204,3
3205,3
3206,2
3207,1
3208,1
3209,3
3210,3
3211,3
3212,1
3213,1
3214,1
3215,3
3216,1
3217,2
3218,1
3219,2
3220,2
3221,1
3222,2
3223,1
3224,1
3225,3
3226,3
3227,3
3228,1
3229,1
3230,3
3231,2
3232,1
3233,1
3234,2
3235,1
3236,2
3237,3
3238,3
3239,1
3240,1
3241,3
3242,3
3243,3
3244,3
3245,3
3246,1
3247,3
3248,1
3249,2
3250,1
3251,2
3252,1
3253,2
3254,2
3255,2
3256,3
3257,3
3258,3
3259,2
3260,1
3261,1
3262,3
3263,3
3264,3
3265,3
3266,2
3267,2
3268,3
3269,1
3270,2
3271,2
3272,3
3273,1
3274,3
3275,1
3276,1
3277,2
3278,1
3279,3
3280,3
3281,3
3282,2
3283,2
3284,1
3285,2
3286,2
3287,1
3288,2
3289,2
3290,1
3291,2
3292,2
3293,2
3294,1
3295,1
3296,2
3297,3
3298,1
3299,3
3300,2
3301,2
3302,2
3303,1
3304,3
3305,1
3306,3
3307,3
3308,2
3309,3
3310,3
3311,2
3312,2
3313,2
3314,2
3315,2
3316,3
3317,2
3318,3
3319,2
3320,3
3321,1
3322,3
3323,1
3324,3
3325,3
3326,3
3327,3
3328,3
3329,1
3330,3
3331,1
3332,2
3333,2
3334,2
3335,3
3336,1
3337,1
3338,1
3339,3
3340,3
3341,3
3342,2
3343,2
3344,3
3345,3
3346,3
3347,1
3348,2
3349,2
3350,1
3351,1
3352,2
3353,3
3354,3
3355,1
3356,2
3357,2
3358,2
3359,2
3360,2
3361,2
3362,3
3363,2
3364,1
3365,2
3366,2
3367,3
3368,3
3369,3
3370,3
3371,2
3372,3
3373,2
3374,1
3375,2
3376,2
3377,2
3378,2
3379,1
3380,2
3381,3
3382,2
3383,2
3384,1
3385,1
3386,3
3387,3
3388,3
3389,2
3390,2
3391,3
3392,2
3393,1
3394,1
3395,2
3396,3
3397,2
3398,1
3399,1
3400,1
3401,1
3402,2
3403,3
3404,1
3405,1
3406,2
3407,1
3408,3
3409,3
3410,3
3411,2
3412,3
3413,1
3414,3
3415,3
3416,3
3417,1
3418,3
3419,3
3420,2
3421,3
3422,3
3423,3
3424,1
3425,3
3426,1
3427,3
3428,2
3429,2
3430,1
3431,2
3432,3
3433,2
3434,3
3435,3
3436,3
3437,1
3438,3
3439,3
3440,2
3441,1
3442,3
3443,3
3444,3
3445,1
3446,3
3447,2
3448,1
3449,3
3450,2
3451,3
3452,3
3453,2
3454,1
3455,2
3456,1
3457,3
3458,1
3459,1
3460,2
3461,1
3462,3
3463,2
3464,2
3465,2
3466,1
3467,1
3468,3
3469,1
3470,1
3471,1
3472,3
3473,2
3474,2
3475,2
3476,3
3477,2
3478,1
3479,2
3480,1
3481,1
3482,3
3483,1
3484,1
3485,1
3486,3
3487,1
3488,1
3489,1
3490,1
3491,3
3492,3
3493,2
3494,3
3495,2
3496,2
3497,2
3498,3
3499,3
3500,1
3501,2
3502,1
3503,3
3504,3
3505,2
3506,1
3507,2
3508,3
3509,3
3510,3
3511,3
3512,2
3513,2
3514,2
3515,2
3516,3
3517,2
3518,2
3519,2
3520,3
3521,2
3522,1
3523,3
3524,1
3525,3
3526,2
3527,3
3528,3
3529,2
3530,3
3531,3
3532,2
3533,2
3534,3
3535,1
3536,1
3537,1
3538,3
3539,3
3540,1
3541,2
3542,3
3543,2
3544,3
3545,3
3546,1
3547,3
3548,3
3549,1
3550,3
3551,2
3552,1
3553,3
3554,3
3555,3
3556,1
3557,2
3558,3
3559,3
3560,1
3561,2
3562,2
3563,1
3564,3
3565,2
3566,2
3567,2
3568,3
3569,1
3570,3
3571,1
3572,3
3573,3
3574,2
3575,1
3576,1
3577,3
3578,1
3579,1
3580,2
3581,2
3582,2
3583,2
3584,1
3585,1
3586,2
3587,3
3588,1
3589,2
3590,2
3591,2
3592,2
3593,1
3594,1
3595,1
3596,1
3597,1
3598,2
3599,3
3600,1
3601,2
3602,3
3603,3
3604,1
3605,2
3606,1
3607,2
3608,3
3609,3
3610,1
3611,1
3612,3
3613,1
3614,2
3615,3
3616,3
3617,3
3618,1
3619,2
3620,3
3621,1
3622,2
3623,1
3624,1
3625,3
3626,1
3627,2
3628,2
3629,1
3630,3
3631,2
3632,2
3633,3
3634,3
3635,3
3636,2
3637,1
3638,1
3639,1
3640,2
3641,1
3642,3
3643,3
3644,2
3645,3
3646,3
3647,3
3648,3
3649,2
3650,2
3651,3
3652,3
3653,3
3654,3
3655,2
3656,1
3657,2
3658,2
3659,3
3660,1
3661,2
3662,3
3663,3
3664,2
3665,2
3666,2
3667,2
3668,1
3669,2
3670,1
3671,3
3672,3
3673,3
3674,1
3675,2
3676,2
3677,3
3678,1
3679,3
3680,2
3681,3
3682,3
3683,1
3684,3
3685,1
3686,2
3687,1
3688,3
3689,2
3690,2
3691,2
3692,2
3693,2
3694,1
3695,2
3696,1
3697,2
3698,3
3699,2
3700,2
3701,2
3702,1
3703,2
3704,1
3705,3
3706,1
3707,2
3708,2
3709,2
3710,2
3711,1
3712,2
3713,2
3714,1
3715,1
3716,2
3717,2
3718,2
3719,2
3720,3
3721,1
3722,3
3723,2
3724,1
3725,1
3726,3
3727,1
3728,2
3729,3
3730,3
3731,2
3732,3
3733,1
3734,2
3735,1
3736,3
3737,2
3738,2
3739,1
3740,1
3741,1
3742,2
3743,2
3744,2
3745,1
3746,1
3747,1
3748,2
3749,2
3750,1
3751,3
3752,2
3753,3
3754,2
3755,2
3756,1
3757,2
3758,3
3759,2
3760,3
3761,3
3762,3
3763,3
3764,3
3765,3
3766,2
3767,2
3768,2
3769,1
3770,3
3771,1
3772,1
3773,3
3774,3
3775,2
3776,3
3777,1
3778,1
3779,1
3780,3
3781,3
3782,3
3783,2
3784,2
3785,1
3786,2
3787,2
3788,1
3789,3
3790,3
3791,3
3792,3
3793,2
3794,3
3795,3
3796,1
3797,2
3798,2
3799,1
3800,2
3801,2
3802,2
3803,3
3804,2
3805,1
3806,2
3807,2
3808,2
3809,1
3810,1
3811,2
3812,2
3813,2
3814,3
3815,3
3816,1
3817,3
3818,3
3819,2
3820,3
3821,1
3822,3
3823,2
3824,3
3825,1
3826,3
3827,3
3828,3
3829,2
3830,1
3831,1
3832,2
3833,3
3834,3
3835,2
3836,2
3837,1
3838,1
3839,3
3840,3
3841,2
3842,2
3843,3
3844,2
3845,3
3846,2
3847,1
3848,3
3849,2
3850,1
3851,2
3852,1
3853,2
3854,1
3855,3
3856,2
3857,1
3858,1
3859,1
3860,1
3861,1
3862,3
3863,2
3864,1
3865,2
3866,3
3867,3
3868,1
3869,2
3870,2
3871,3
3872,3
3873,2
3874,3
3875,2
3876,1
3877,3
3878,2
3879,3
3880,1
3881,3
3882,2
3883,3
3884,2
3885,1
3886,3
3887,2
3888,2
3889,2
3890,3
3891,3
3892,2
3893,2
3894,2
3895,1
3896,3
3897,2
3898,1
3899,2
3900,1
3901,1
3902,1
3903,1
3904,2
3905,2
3906,2
3907,2
3908,3
3909,3
3910,1
3911,1
3912,3
3913,3
3914,1
3915,3
3916,1
3917,1
3918,3
3919,3
3920,2
3921,1
3922,2
3923,3
3924,1
3925,3
3926,2
3927,3
3928,2
3929,3
3930,3
3931,2
3932,3
3933,1
3934,3
3935,3
3936,3
3937,1
3938,3
3939,3
3940,3
3941,2
3942,2
3943,2
3944,2
3945,3
3946,2
3947,2
3948,2
3949,3
3950,3
3951,1
3952,3
3953,3
3954,2
3955,3
3956,1
3957,1
3958,3
3959,3
3960,3
3961,1
3962,3
3963,1
3964,2
3965,2
3966,1
3967,1
3968,1
3969,2
3970,3
3971,3
3972,3
3973,2
3974,2
3975,2
3976,3
3977,3
3978,1
3979,2
3980,3
3981,3
3982,3
3983,3
3984,2
3985,3
3986,1
3987,3
3988,3
3989,3
3990,3
3991,2
3992,2
3993,2
3994,1
3995,3
3996,1
3997,1
3998,2
3999,3
4000,2
4001,3
4002,2
4003,3
4004,3
4005,3
4006,3
4007,1
4008,3
4009,2
4010,1
4011,1
4012,1
4013,2
4014,2
4015,3
4016,3
4017,1
4018,2
4019,1
4020,2
4021,2
4022,1
4023,3
4024,2
4025,1
4026,3
4027,2
4028,2
4029,2
4030,1
4031,2
4032,3
4033,1
4034,1
4035,2
4036,3
4037,3
4038,2
4039,1
4040,1
4041,1
4042,1
4043,1
4044,1
4045,1
4046,3
4047,3
4048,2
4049,2
4050,3
4051,1
4052,2
4053,2
4054,2
4055,3
4056,3
4057,2
4058,3
4059,3
4060,1
4061,3
4062,1
4063,1
4064,3
4065,2
4066,2
4067,3
4068,1
4069,1
4070,1
4071,1
4072,1
4073,1
4074,3
4075,1
4076,3
4077,1
4078,2
4079,1
4080,3
4081,2
4082,2
4083,3
4084,1
4085,1
4086,3
4087,3
4088,2
4089,2
4090,1
4091,3
4092,2
4093,1
4094,1
4095,3
4096,2
4097,1
4098,1
4099,1
4100,3
4101,1
4102,3
4103,3
4104,3
4105,2
4106,1
4107,3
4108,3
4109,2
4110,3
4111,2
4112,1
4113,2
4114,3
4115,2
4116,1
4117,1
4118,2
4119,1
4120,2
4121,3
4122,1
4123,3
4124,1
4125,2
4126,1
4127,3
4128,1
4129,2
4130,3
4131,2
4132,2
4133,3
4134,1
4135,2
4136,2
4137,2
4138,3
4139,3
4140,2
4141,1
4142,3
4143,2
4144,1
4145,3
4146,2
4147,2
4148,3
4149,3
4150,1
4151,1
4152,2
4153,1
4154,3
4155,1
4156,1
4157,3
4158,3
4159,3
4160,3
4161,2
4162,3
4163,3
4164,2
4165,1
4166,1
4167,2
4168,1
4169,3
4170,2
4171,2
4172,3
4173,2
4174,2
4175,3
4176,1
4177,1
4178,3
4179,2
4180,3
4181,2
4182,3
4183,1
4184,2
4185,1
4186,2
4187,1
4188,2
4189,3
4190,2
4191,2
4192,2
4193,3
4194,3
4195,3
4196,1
4197,3
4198,3
4199,2
4200,2
4201,1
4202,1
4203,3
4204,1
4205,1
4206,2
4207,3
4208,3
4209,2
4210,3
4211,1
4212,2
4213,1
4214,3
4215,3
4216,3
4217,3
4218,3
4219,2
4220,2
4221,1
4222,1
4223,1
4224,1
4225,1
4226,3
4227,3
4228,3
4229,3
4230,2
4231,3
4232,2
4233,2
4234,2
4235,3
4236,2
4237,2
4238,2
4239,1
4240,2
4241,3
4242,1
4243,3
4244,2
4245,2
4246,1
4247,2
4248,3
4249,3
4250,3
4251,1
4252,3
4253,2
4254,3
4255,1
4256,1
4257,3
4258,2
4259,3
4260,2
4261,2
4262,2
4263,2
4264,2
4265,1
4266,3
4267,3
4268,3
4269,2
4270,2
4271,2
4272,2
4273,1
4274,3
4275,2
4276,2
4277,3
4278,2
4279,1
4280,3
4281,3
4282,3
4283,1
4284,2
4285,2
4286,3
4287,2
4288,1
4289,3
4290,3
4291,3
4292,2
4293,2
4294,2
4295,1
4296,2
4297,1
4298,2
4299,3
4300,3
4301,3
4302,1
4303,3
4304,3
4305,2
4306,2
4307,1
4308,3
4309,1
4310,3
4311,3
4312,1
4313,2
4314,3
4315,3
4316,3
4317,2
4318,1
4319,2
4320,3
4321,2
4322,3
4323,3
4324,1
4325,2
4326,2
4327,1
4328,3
4329,1
4330,2
4331,1
4332,1
4333,1
4334,1
4335,3
4336,1
4337,2
4338,1
4339,1
4340,2
4341,2
4342,3
4343,3
4344,1
4345,1
4346,2
4347,1
4348,3
4349,1
4350,1
4351,1
4352,3
4353,1
4354,2
4355,2
4356,3
4357,1
4358,3
4359,3
4360,2
4361,2
4362,1
4363,2
4364,1
4365,2
4366,2
4367,1
4368,3
4369,2
4370,1
4371,2
4372,3
4373,3
4374,3
4375,3
4376,1
4377,3
4378,1
4379,2
4380,3
4381,1
4382,2
4383,2
4384,1
4385,2
4386,3
4387,2
4388,1
4389,3
4390,3
4391,2
4392,2
4393,1
4394,1
4395,1
4396,1
4397,2
4398,1
4399,3
4400,3
4401,2
4402,1
4403,3
4404,3
4405,2
4406,1
4407,1
4408,1
4409,2
4410,1
4411,3
4412,2
4413,3
4414,2
4415,1
4416,3
4417,2
4418,1
4419,3
4420,2
4421,3
4422,2
4423,2
4424,2
4425,3
4426,2
4427,1
4428,2
4429,3
4430,1
4431,1
4432,3
4433,2
4434,3
4435,2
4436,3
4437,2
4438,3
4439,1
4440,3
4441,3
4442,3
4443,1
4444,2
4445,3
4446,1
4447,3
4448,2
4449,3
4450,3
4451,1
4452,1
4453,3
4454,3
4455,1
4456,3
4457,1
4458,3
4459,2
4460,3
4461,3
4462,1
4463,1
4464,3
4465,3
4466,2
4467,3
4468,3
4469,2
4470,3
4471,1
4472,2
4473,3
4474,3
4475,3
4476,2
4477,3
4478,1
4479,1
4480,3
4481,3
4482,1
4483,2
4484,3
4485,3
4486,3
4487,3
4488,2
4489,1
4490,1
4491,2
4492,2
4493,1
4494,2
4495,1
4496,2
4497,3
4498,2
4499,2
4500,2
4501,3
4502,3
4503,2
4504,1
4505,2
4506,3
4507,1
4508,3
4509,2
4510,3
4511,3
4512,2
4513,2
4514,1
4515,1
4516,1
4517,1
4518,2
4519,1
4520,1
4521,3
4522,2
4523,3
4524,3
4525,1
4526,3
4527,3
4528,3
4529,3
4530,1
4531,1
4532,2
4533,2
4534,1
4535,2
4536,1
4537,3
4538,3
4539,3
4540,3
4541,2
4542,1
4543,1
4544,2
4545,2
4546,1
4547,2
4548,2
4549,2
4550,2
4551,1
4552,2
4553,1
4554,2
4555,1
4556,3
4557,2
4558,1
4559,2
4560,2
4561,1
4562,3
4563,3
4564,2
4565,2
4566,3
4567,3
4568,2
4569,3
4570,2
4571,1
4572,3
4573,1
4574,2
4575,2
4576,3
4577,3
4578,3
4579,2
4580,1
4581,2
4582,1
4583,1
4584,3
4585,3
4586,2
4587,3
4588,3
4589,3
4590,2
4591,2
4592,1
4593,1
4594,3
4595,2
4596,1
4597,1
4598,1
4599,2
4600,3
4601,2
4602,2
4603,2
4604,3
4605,3
4606,1
4607,2
4608,3
4609,3
4610,2
4611,1
4612,2
4613,3
4614,2
4615,1
4616,2
4617,2
4618,3
4619,2
4620,1
4621,3
4622,3
4623,1
4624,3
4625,1
4626,2
4627,3
4628,1
4629,2
4630,2
4631,3
4632,1
4633,2
4634,1
4635,3
4636,2
4637,1
4638,1
4639,2
4640,1
4641,3
4642,3
4643,2
4644,2
4645,3
4646,2
4647,3
4648,3
4649,1
4650,1
4651,3
4652,3
4653,3
4654,2
4655,3
4656,2
4657,3
4658,2
4659,2
4660,2
4661,1
4662,1
4663,3
4664,1
4665,3
4666,1
4667,2
4668,3
4669,2
4670,1
4671,1
4672,3
4673,3
4674,3
4675,3
4676,2
4677,2
4678,2
4679,1
4680,3
4681,1
4682,2
4683,2
4684,1
4685,2
4686,2
4687,2
4688,1
4689,1
4690,2
4691,1
4692,3
4693,2
4694,1
4695,3
4696,3
4697,2
4698,1
4699,2
4700,3
4701,2
4702,3
4703,2
4704,3
4705,1
4706,2
4707,2
4708,1
4709,1
4710,1
4711,1
4712,3
4713,3
4714,3
4715,2
4716,3
4717,2
4718,1
4719,1
4720,2
4721,3
4722,1
4723,1
4724,2
4725,3
4726,3
4727,2
4728,1
4729,2
4730,2
4731,1
4732,3
4733,1
4734,2
4735,1
4736,2
4737,1
4738,3
4739,1
4740,3
4741,1
4742,1
4743,1
4744,2
4745,3
4746,2
4747,3
4748,3
4749,3
4750,1
4751,2
4752,2
4753,2
4754,1
4755,2
4756,1
4757,1
4758,2
4759,3
4760,3
4761,2
4762,2
4763,2
4764,2
4765,3
4766,2
4767,2
4768,3
4769,3
4770,2
4771,2
4772,1
4773,2
4774,1
4775,2
4776,3
4777,3
4778,3
4779,3
4780,1
4781,2
4782,1
4783,3
4784,3
4785,3
4786,3
4787,1
4788,3
4789,3
4790,2
4791,3
4792,1
4793,2
4794,2
4795,1
4796,1
4797,3
4798,1
4799,3
4800,2
4801,3
4802,3
4803,3
4804,3
4805,2
4806,2
4807,1
4808,3
4809,3
4810,1
4811,2
4812,1
4813,2
4814,3
4815,2
4816,3
4817,1
4818,1
4819,2
4820,1
4821,1
4822,2
4823,2
4824,2
4825,3
4826,2
4827,1
4828,2
4829,3
4830,3
4831,3
4832,3
4833,1
4834,3
4835,3
4836,3
4837,1
4838,1
4839,2
4840,3
4841,3
4842,2
4843,1
4844,1
4845,1
4846,3
4847,3
4848,2
4849,3
4850,3
4851,1
4852,1
4853,3
4854,1
4855,2
4856,2
4857,3
4858,3
4859,1
4860,1
4861,3
4862,2
4863,3
4864,3
4865,2
4866,3
4867,3
4868,1
4869,3
4870,3
4871,1
4872,2
4873,3
4874,1
4875,2
4876,1
4877,3
4878,2
4879,3
4880,1
4881,2
4882,3
4883,1
4884,1
4885,2
4886,1
4887,1
4888,2
4889,1
4890,3
4891,2
4892,2
4893,2
4894,2
4895,2
4896,3
4897,3
4898,2
4899,3
4900,3
4901,1
4902,2
4903,3
4904,2
4905,1
4906,2
4907,2
4908,2
4909,2
4910,3
4911,1
4912,2
4913,1
4914,2
4915,1
4916,1
4917,2
4918,1
4919,3
4920,1
4921,1
4922,1
4923,3
4924,2
4925,1
4926,3
4927,1
4928,3
4929,2
4930,3
4931,2
4932,3
4933,1
4934,1
4935,3
4936,3
4937,3
4938,1
4939,1
4940,1
4941,2
4942,1
4943,1
4944,2
4945,1
4946,3
4947,1
4948,1
4949,3
4950,2
4951,2
4952,2
4953,2
4954,3
4955,1
4956,3
4957,2
4958,1
4959,3
4960,2
4961,1
4962,2
4963,1
4964,1
4965,2
4966,3
4967,2
4968,1
4969,3
4970,2
4971,2
4972,1
4973,3
4974,2
4975,1
4976,1
4977,3
4978,3
4979,2
4980,2
4981,2
4982,3
4983,2
4984,1
4985,1
4986,3
4987,3
4988,1
4989,1
4990,3
4991,2
4992,2
4993,3
4994,1
4995,2
4996,3
4997,1
4998,1
4999,3
5000,3
5001,3
5002,3
5003,1
5004,1
5005,2
5006,1
5007,3
5008,3
5009,2
5010,2
5011,1
5012,2
5013,2
5014,2
5015,3
5016,1
5017,1
5018,1
5019,2
5020,3
5021,2
5022,3
5023,3
5024,3
5025,3
5026,2
5027,2
5028,1
5029,1
5030,2
5031,3
5032,2
5033,3
5034,2
5035,1
5036,2
5037,1
5038,1
5039,3
5040,2
5041,1
5042,2
5043,2
5044,1
5045,3
5046,1
5047,3
5048,1
5049,1
5050,2
5051,1
5052,3
5053,3
5054,1
5055,3
5056,3
5057,2
5058,2
5059,2
5060,2
5061,3
5062,2
5063,1
5064,1
5065,1
5066,3
5067,3
5068,1
5069,3
5070,2
5071,3
5072,2
5073,3
5074,3
5075,2
5076,1
5077,3
5078,3
5079,3
5080,1
5081,1
5082,1
5083,3
5084,3
5085,2
5086,1
5087,3
5088,2
5089,1
5090,2
5091,2
5092,3
5093,3
5094,3
5095,3
5096,2
5097,1
5098,2
5099,1
5100,3
5101,3
5102,3
5103,3
5104,1
5105,2
5106,3
5107,2
5108,2
5109,3
5110,3
5111,1
5112,2
5113,2
5114,1
5115,2
5116,3
5117,2
5118,2
5119,1
5120,3
5121,3
5122,1
5123,1
5124,3
5125,3
5126,3
5127,3
5128,3
5129,2
5130,3
5131,1
5132,1
5133,2
5134,3
5135,3
5136,2
5137,1
5138,2
5139,3
5140,3
5141,2
5142,1
5143,2
5144,1
5145,1
5146,3
5147,1
5148,2
5149,1
5150,2
5151,3
5152,2
5153,3
5154,3
5155,2
5156,1
5157,3
5158,1
5159,1
5160,2
5161,2
5162,1
5163,3
5164,1
5165,3
5166,1
5167,2
5168,2
5169,3
5170,1
5171,3
5172,2
5173,1
5174,3
5175,1
5176,1
5177,2
5178,2
5179,3
5180,2
5181,2
5182,3
5183,3
5184,3
5185,3
5186,2
5187,2
5188,3
5189,3
5190,1
5191,1
5192,2
5193,1
5194,3
5195,3
5196,2
5197,3
5198,3
5199,3
5200,1
5201,1
5202,3
5203,1
5204,3
5205,1
5206,1
5207,2
5208,2
5209,2
5210,1
5211,1
5212,1
5213,3
5214,2
5215,3
5216,3
5217,2
5218,3
5219,3
5220,3
5221,1
5222,3
5223,3
5224,3
5225,1
5226,1
5227,2
5228,2
5229,2
5230,1
5231,2
5232,1
5233,2
5234,1
5235,2
5236,3
5237,3
5238,2
5239,2
5240,2
5241,2
5242,1
5243,1
5244,2
5245,2
5246,1
5247,2
5248,1
5249,1
5250,1
5251,3
5252,3
5253,2
5254,2
5255,3
5256,2
5257,3
5258,3
5259,2
5260,2
5261,1
5262,3
5263,3
5264,3
5265,3
5266,3
5267,2
5268,2
5269,3
5270,3
5271,3
5272,2
5273,2
5274,2
5275,1
5276,2
5277,1
5278,2
5279,3
5280,1
5281,1
5282,1
5283,3
5284,1
5285,3
5286,1
5287,1
5288,3
5289,2
5290,2
5291,2
5292,1
5293,2
5294,3
5295,1
5296,2
5297,1
5298,1
5299,3
5300,2
5301,1
5302,1
5303,1
5304,2
5305,3
5306,2
5307,3
5308,2
5309,1
5310,2
5311,3
5312,3
5313,2
5314,3
5315,2
5316,3
5317,1
5318,3
5319,2
5320,2
5321,1
5322,3
5323,2
5324,2
5325,1
5326,3
5327,2
5328,2
5329,3
5330,3
5331,1
5332,2
5333,2
5334,3
5335,3
5336,2
5337,1
5338,2
5339,2
5340,2
5341,2
5342,3
5343,2
5344,3
5345,1
5346,3
5347,1
5348,1
5349,2
5350,2
5351,2
5352,3
5353,2
5354,3
5355,3
5356,2
5357,2
5358,1
5359,1
5360,3
5361,2
5362,3
5363,3
5364,3
5365,2
5366,3
5367,3
5368,3
5369,1
5370,3
5371,2
5372,1
5373,1
5374,1
5375,3
5376,3
5377,2
5378,2
5379,2
5380,3
5381,3
5382,2
5383,3
5384,3
5385,2
5386,3
5387,1
5388,2
5389,1
5390,2
5391,1
5392,3
5393,2
5394,1
5395,1
5396,3
5397,1
5398,3
5399,3
5400,1
5401,3
5402,2
5403,2
5404,1
5405,1
5406,3
5407,1
5408,2
5409,3
5410,3
5411,1
5412,1
5413,1
5414,2
5415,3
5416,3
5417,3
5418,3
5419,1
5420,1
5421,3
5422,2
5423,3
5424,1
5425,2
5426,3
5427,1
5428,3
5429,1
5430,2
5431,2
5432,2
5433,1
5434,3
5435,3
5436,3
5437,1
5438,2
5439,3
5440,3
5441,1
5442,1
5443,3
5444,3
5445,2
5446,2
5447,1
5448,2
5449,2
5450,1
5451,2
5452,3
5453,3
5454,1
5455,2
5456,1
5457,3
5458,3
5459,1
5460,3
5461,1
5462,3
5463,2
5464,3
5465,2
5466,3
5467,1
5468,2
5469,1
5470,2
5471,2
5472,3
5473,3
5474,1
5475,2
5476,3
5477,1
5478,3
5479,2
5480,3
5481,1
5482,2
5483,3
5484,1
5485,2
5486,3
5487,1
5488,3
5489,2
5490,1
5491,3
5492,1
5493,1
5494,3
5495,2
5496,2
5497,3
5498,1
5499,3
5500,3
5501,2
5502,1
5503,3
5504,1
5505,1
5506,3
5507,3
5508,1
5509,3
5510,2
5511,2
5512,1
5513,2
5514,3
5515,1
5516,3
5517,2
5518,1
5519,3
5520,3
5521,1
5522,3
5523,1
5524,2
5525,2
5526,3
5527,3
5528,3
5529,2
5530,1
5531,3
5532,2
5533,2
5534,1
5535,1
5536,2
5537,3
5538,1
5539,1
5540,1
5541,2
5542,2
5543,1
5544,2
5545,2
5546,3
5547,1
5548,3
5549,2
5550,1
5551,2
5552,1
5553,1
5554,2
5555,1
5556,1
5557,1
5558,1
5559,2
5560,2
5561,3
5562,3
5563,1
5564,2
5565,3
5566,1
5567,3
5568,2
5569,1
5570,1
5571,2
5572,3
5573,2
5574,3
5575,2
5576,2
5577,2
5578,2
5579,3
5580,3
5581,1
5582,2
5583,3
5584,2
5585,2
5586,3
5587,3
5588,3
5589,1
5590,2
5591,2
5592,2
5593,1
5594,3
5595,1
5596,2
5597,2
5598,1
5599,3
5600,2
5601,2
5602,2
5603,2
5604,3
5605,2
5606,1
5607,1
5608,2
5609,2
5610,3
5611,3
5612,3
5613,2
5614,1
5615,2
5616,3
5617,2
5618,1
5619,2
5620,2
5621,2
5622,1
5623,2
5624,2
5625,3
5626,1
5627,2
5628,1
5629,2
5630,1
5631,1
5632,2
5633,1
5634,1
5635,3
5636,2
5637,2
5638,3
5639,1
5640,1
5641,3
5642,3
5643,3
5644,2
5645,2
5646,3
5647,1
5648,2
5649,3
5650,2
5651,2
5652,3
5653,2
5654,1
5655,1
5656,1
5657,2
5658,3
5659,2
5660,2
5661,3
5662,3
5663,1
5664,3
5665,2
5666,1
5667,2
5668,3
5669,1
5670,1
5671,2
5672,3
5673,2
5674,3
5675,3
5676,2
5677,2
5678,2
5679,2
5680,2
5681,3
5682,2
5683,3
5684,3
5685,1
5686,3
5687,2
5688,1
5689,1
5690,2
5691,2
5692,2
5693,2
5694,3
5695,3
5696,2
5697,1
5698,2
5699,3
5700,3
5701,2
5702,2
5703,1
5704,1
5705,2
5706,1
5707,1
5708,3
5709,3
5710,1
5711,3
5712,3
5713,3
5714,2
5715,1
5716,2
5717,1
5718,2
5719,3
5720,1
5721,3
5722,1
5723,1
5724,2
5725,3
5726,3
5727,2
5728,2
5729,3
5730,1
5731,1
5732,2
5733,2
5734,3
5735,1
5736,2
5737,3
5738,3
5739,1
5740,3
5741,3
5742,3
5743,2
5744,1
5745,1
5746,2
5747,1
5748,3
5749,1
5750,1
5751,3
5752,1
5753,2
5754,2
5755,1
5756,1
5757,2
5758,1
5759,1
5760,3
5761,1
5762,2
5763,1
5764,1
5765,3
5766,2
5767,2
5768,3
5769,2
5770,2
5771,1
5772,1
5773,3
5774,2
5775,1
5776,3
5777,3
5778,2
5779,1
5780,1
5781,1
5782,3
5783,2
5784,2
5785,1
5786,2
5787,2
5788,2
5789,3
5790,2
5791,3
5792,2
5793,2
5794,2
5795,3
5796,3
5797,3
5798,2
5799,2
5800,2
5801,1
5802,1
5803,1
5804,3
5805,1
5806,3
5807,3
5808,3
5809,2
5810,3
5811,3
5812,2
5813,3
5814,3
5815,1
5816,1
5817,3
5818,1
5819,3
5820,2
5821,1
5822,2
5823,2
5824,3
5825,2
5826,2
5827,1
5828,2
5829,3
5830,3
5831,3
5832,1
5833,1
5834,1
5835,3
5836,2
5837,1
5838,1
5839,1
5840,1
5841,3
5842,3
5843,3
5844,1
5845,2
5846,1
5847,3
5848,3
5849,3
5850,3
5851,1
5852,1
5853,1
5854,3
5855,2
5856,2
5857,3
5858,3
5859,1
5860,1
5861,2
5862,1
5863,1
5864,1
5865,1
5866,3
5867,1
5868,2
5869,1
5870,2
5871,2
5872,1
5873,3
5874,2
5875,2
5876,1
5877,1
5878,2
5879,1
5880,2
5881,2
5882,3
5883,1
5884,2
5885,3
5886,2
5887,1
5888,2
5889,1
5890,1
5891,3
5892,1
5893,3
5894,2
5895,2
5896,2
5897,2
5898,1
5899,3
5900,3
5901,1
5902,1
5903,2
5904,1
5905,1
5906,1
5907,1
5908,1
5909,3
5910,3
5911,1
5912,3
5913,3
5914,1
5915,1
5916,1
5917,3
5918,3
5919,1
5920,1
5921,2
5922,3
5923,1
5924,2
5925,2
5926,1
5927,3
5928,3
5929,2
5930,1
5931,3
5932,3
5933,1
5934,2
5935,2
5936,1
5937,2
5938,1
5939,1
5940,2
5941,1
5942,2
5943,1
5944,1
5945,1
5946,3
5947,3
5948,2
5949,3
5950,2
5951,1
5952,2
5953,1
5954,3
5955,2
5956,1
5957,1
5958,1
5959,1
5960,1
5961,3
5962,1
5963,3
5964,3
5965,3
5966,1
5967,1
5968,3
5969,3
5970,2
5971,1
5972,2
5973,1
5974,3
5975,1
5976,3
5977,1
5978,2
5979,3
5980,3
5981,2
5982,3
5983,3
5984,2
5985,3
5986,2
5987,2
5988,2
5989,3
5990,2
5991,3
5992,1
5993,2
5994,2
5995,3
5996,1
5997,3
5998,3
5999,3
6000,1
6001,3
6002,1
6003,3
6004,3
6005,2
6006,1
6007,1
6008,2
6009,1
6010,1
6011,1
6012,2
6013,1
6014,1
6015,2
6016,1
6017,2
6018,1
6019,1
6020,2
6021,3
6022,3
6023,3
6024,3
6025,2
6026,2
6027,1
6028,3
6029,3
6030,3
6031,3
6032,3
6033,1
6034,2
6035,1
6036,3
6037,1
6038,3
6039,1
6040,2
6041,3
6042,2
6043,3
6044,3
6045,1
6046,3
6047,2
6048,3
6049,3
6050,2
6051,3
6052,1
6053,2
6054,2
6055,3
6056,3
6057,2
6058,2
6059,1
6060,3
6061,3
6062,2
6063,3
6064,1
6065,1
6066,2
6067,2
6068,2
6069,1
6070,1
6071,2
6072,2
6073,2
6074,2
6075,2
6076,3
6077,2
6078,3
6079,3
6080,3
6081,2
6082,3
6083,3
6084,2
6085,1
6086,3
6087,3
6088,3
6089,3
6090,2
6091,2
6092,3
6093,1
6094,3
6095,1
6096,2
6097,1
6098,2
6099,3
6100,1
6101,1
6102,2
6103,3
6104,2
6105,1
6106,1
6107,3
6108,1
6109,2
6110,3
6111,3
6112,2
6113,3
6114,2
6115,2
6116,3
6117,2
6118,2
6119,3
6120,1
6121,1
6122,3
6123,3
6124,1
6125,1
6126,2
6127,3
6128,2
6129,3
6130,1
6131,2
6132,3
6133,3
6134,3
6135,3
6136,2
6137,2
6138,2
6139,1
6140,3
6141,1
6142,1
6143,2
6144,1
6145,2
6146,1
6147,1
6148,3
6149,2
6150,1
6151,1
6152,2
6153,2
6154,1
6155,2
6156,3
6157,3
6158,1
6159,3
6160,2
6161,1
6162,1
6163,1
6164,1
6165,3
6166,2
6167,2
6168,1
6169,3
6170,1
6171,1
6172,3
6173,2
6174,2
6175,2
6176,3
6177,1
6178,1
6179,2
6180,1
6181,1
6182,2
6183,1
6184,2
6185,2
6186,3
6187,2
6188,3
6189,1
6190,3
6191,3
6192,1
6193,3
6194,1
6195,1
6196,1
6197,3
6198,1
6199,3
6200,3
6201,1
6202,3
6203,2
6204,2
6205,1
6206,1
6207,3
6208,3
6209,2
6210,1
6211,1
6212,2
6213,3
6214,3
6215,3
6216,3
6217,2
6218,2
6219,2
6220,1
6221,1
6222,3
6223,2
6224,3
6225,1
6226,1
6227,3
6228,2
6229,1
6230,3
6231,3
6232,2
6233,2
6234,2
6235,3
6236,3
6237,1
6238,2
6239,1
6240,1
6241,2
6242,3
6243,3
6244,1
6245,3
6246,1
6247,3
6248,1
6249,3
6250,1
6251,3
6252,1
6253,3
6254,1
6255,2
6256,1
6257,2
6258,2
6259,1
6260,1
6261,1
6262,3
6263,2
6264,3
6265,3
6266,3
6267,2
6268,3
6269,3
6270,2
6271,2
6272,1
6273,1
6274,1
6275,2
6276,2
6277,3
6278,3
6279,3
6280,3
6281,1
6282,3
6283,1
6284,3
6285,1
6286,1
6287,2
6288,1
6289,1
6290,3
6291,1
6292,1
6293,2
6294,3
6295,3
6296,3
6297,3
6298,1
6299,2
6300,2
6301,2
6302,2
6303,3
6304,2
6305,3
6306,2
6307,3
6308,2
6309,3
6310,2
6311,1
6312,3
6313,3
6314,3
6315,3
6316,1
6317,3
6318,2
6319,2
6320,3
6321,1
6322,1
6323,3
6324,1
6325,3
6326,1
6327,3
6328,3
6329,1
6330,3
6331,1
6332,2
6333,3
6334,2
6335,1
6336,1
6337,1
6338,3
6339,3
6340,2
6341,3
6342,2
6343,1
6344,2
6345,2
6346,2
6347,3
6348,2
6349,1
6350,1
6351,1
6352,3
6353,1
6354,3
6355,1
6356,3
6357,3
6358,1
6359,1
6360,1
6361,2
6362,3
6363,3
6364,3
6365,1
6366,2
6367,1
6368,2
6369,1
6370,1
6371,3
6372,3
6373,3
6374,1
6375,3
6376,2
6377,1
6378,2
6379,2
6380,3
6381,1
6382,1
6383,2
6384,1
6385,1
6386,1
6387,3
6388,3
6389,3
6390,3
6391,3
6392,3
6393,3
6394,3
6395,1
6396,2
6397,2
6398,2
6399,2
6400,3
6401,1
6402,2
6403,3
6404,1
6405,3
6406,3
6407,3
6408,3
6409,3
6410,2
6411,3
6412,2
6413,3
6414,2
6415,1
6416,1
6417,2
6418,1
6419,3
6420,1
6421,1
6422,1
6423,2
6424,2
6425,3
6426,2
6427,1
6428,3
6429,2
6430,1
6431,3
6432,3
6433,1
6434,1
6435,3
6436,1
6437,1
6438,3
6439,3
6440,2
6441,1
6442,3
6443,2
6444,3
6445,2
6446,2
6447,3
6448,3
6449,1
6450,3
6451,2
6452,2
6453,3
6454,2
6455,2
6456,1
6457,1
6458,3
6459,2
6460,1
6461,1
6462,1
6463,3
6464,2
6465,1
6466,2
6467,1
6468,2
6469,2
6470,3
6471,1
6472,2
6473,3
6474,2
6475,3
6476,3
6477,1
6478,3
6479,2
6480,1
6481,1
6482,1
6483,3
6484,3
6485,2
6486,1
6487,1
6488,2
6489,3
6490,1
6491,3
6492,2
6493,2
6494,2
6495,3
6496,1
6497,2
6498,1
6499,2
6500,3
6501,2
6502,2
6503,1
6504,2
6505,3
6506,3
6507,1
6508,2
6509,2
6510,3
6511,2
6512,2
6513,3
6514,3
6515,1
6516,3
6517,3
6518,3
6519,2
6520,3
6521,2
6522,3
6523,1
6524,2
6525,1
6526,3
6527,2
6528,2
6529,3
6530,3
6531,2
6532,3
6533,3
6534,1
6535,2
6536,1
6537,1
6538,1
6539,3
6540,3
6541,1
6542,3
6543,3
6544,2
6545,3
6546,3
6547,3
6548,3
6549,2
6550,3
6551,1
6552,3
6553,3
6554,3
6555,2
6556,2
6557,3
6558,1
6559,1
6560,3
6561,2
6562,2
6563,1
6564,3
6565,2
6566,2
6567,1
6568,2
6569,3
6570,2
6571,2
6572,3
6573,2
6574,3
6575,1
6576,1
6577,1
6578,3
6579,3
6580,1
6581,2
6582,1
6583,3
6584,3
6585,2
6586,1
6587,1
6588,1
6589,3
6590,2
6591,1
6592,1
6593,3
6594,2
6595,3
6596,1
6597,2
6598,3
6599,2
6600,1
6601,1
6602,1
6603,1
6604,2
6605,3
6606,2
6607,2
6608,1
6609,2
6610,1
6611,3
6612,3
6613,1
6614,3
6615,3
6616,3
6617,2
6618,2
6619,2
6620,3
6621,1
6622,1
6623,2
6624,2
6625,3
6626,1
6627,3
6628,2
6629,3
6630,2
6631,2
6632,2
6633,1
6634,1
6635,3
6636,1
6637,2
6638,3
6639,3
6640,2
6641,3
6642,2
6643,1
6644,2
6645,2
6646,2
6647,2
6648,3
6649,1
6650,1
6651,1
6652,1
6653,2
6654,3
6655,2
6656,3
6657,1
6658,3
6659,2
6660,2
6661,1
6662,2
6663,2
6664,3
6665,1
6666,3
6667,1
6668,3
6669,3
6670,3
6671,3
6672,2
6673,2
6674,3
6675,1
6676,1
6677,1
6678,3
6679,2
6680,3
6681,2
6682,3
6683,1
6684,2
6685,1
6686,3
6687,3
6688,1
6689,3
6690,3
6691,3
6692,2
6693,1
6694,3
6695,3
6696,3
6697,3
6698,3
6699,3
6700,2
6701,1
6702,3
6703,3
6704,1
6705,3
6706,2
6707,1
6708,1
6709,3
6710,1
6711,2
6712,2
6713,2
6714,1
6715,3
6716,1
6717,3
6718,2
6719,3
6720,1
6721,2
6722,1
6723,1
6724,1
6725,1
6726,2
6727,1
6728,2
6729,1
6730,3
6731,3
6732,2
6733,2
6734,2
6735,1
6736,3
6737,2
6738,1
6739,1
6740,2
6741,1
6742,1
6743,2
6744,3
6745,1
6746,2
6747,3
6748,3
6749,2
6750,2
6751,1
6752,2
6753,2
6754,3
6755,3
6756,3
6757,2
6758,1
6759,2
6760,3
6761,2
6762,3
6763,1
6764,3
6765,1
6766,1
6767,2
6768,2
6769,1
6770,2
6771,2
6772,2
6773,1
6774,2
6775,3
6776,3
6777,3
6778,3
6779,3
6780,1
6781,1
6782,2
6783,1
6784,1
6785,1
6786,3
6787,3
6788,3
6789,3
6790,1
6791,1
6792,1
6793,2
6794,3
6795,2
6796,1
6797,2
6798,3
6799,2
6800,2
6801,1
6802,1
6803,1
6804,2
6805,2
6806,2
6807,1
6808,1
6809,1
6810,2
6811,3
6812,3
6813,3
6814,1
6815,2
6816,1
6817,3
6818,1
6819,3
6820,2
6821,3
6822,1
6823,1
6824,3
6825,2
6826,3
6827,1
6828,3
6829,3
6830,3
6831,3
6832,3
6833,1
6834,1
6835,1
6836,1
6837,3
6838,3
6839,2
6840,1
6841,1
6842,1
6843,3
6844,1
6845,2
6846,3
6847,2
6848,1
6849,1
6850,2
6851,1
6852,2
6853,1
6854,1
6855,3
6856,1
6857,1
6858,3
6859,3
6860,1
6861,3
6862,3
6863,2
6864,1
6865,2
6866,2
6867,1
6868,2
6869,1
6870,1
6871,3
6872,1
6873,3
6874,2
6875,2
6876,3
6877,3
6878,1
6879,2
6880,3
6881,2
6882,3
6883,2
6884,3
6885,2
6886,2
6887,1
6888,1
6889,1
6890,1
6891,1
6892,3
6893,3
6894,2
6895,3
6896,1
6897,2
6898,2
6899,2
6900,2
6901,1
6902,2
6903,3
6904,3
6905,2
6906,1
6907,3
6908,1
6909,1
6910,3
6911,1
6912,2
6913,1
6914,2
6915,2
6916,3
6917,2
6918,2
6919,1
6920,2
6921,3
6922,2
6923,1
6924,3
6925,2
6926,2
6927,3
6928,3
6929,2
6930,2
6931,3
6932,1
6933,1
6934,1
6935,2
6936,1
6937,3
6938,3
6939,1
6940,2
6941,3
6942,3
6943,1
6944,2
6945,2
6946,1
6947,1
6948,2
6949,2
6950,2
6951,2
6952,1
6953,1
6954,2
6955,3
6956,3
6957,1
6958,1
6959,1
6960,2
6961,3
6962,2
6963,3
6964,3
6965,3
6966,1
6967,2
6968,3
6969,1
6970,2
6971,1
6972,1
6973,2
6974,2
6975,3
6976,2
6977,1
6978,3
6979,2
6980,3
6981,1
6982,3
6983,2
6984,1
6985,1
6986,2
6987,2
6988,3
6989,1
6990,1
6991,3
6992,2
6993,1
6994,2
6995,1
6996,1
6997,2
6998,2
6999,1
7000,3
7001,3
7002,3
7003,2
7004,3
7005,3
7006,1
7007,2
7008,1
7009,1
7010,3
7011,2
7012,2
7013,2
7014,3
7015,2
7016,3
7017,2
7018,2
7019,2
7020,2
7021,3
7022,3
7023,1
7024,3
7025,1
7026,1
7027,3
7028,2
7029,2
7030,1
7031,1
7032,2
7033,1
7034,3
7035,2
7036,2
7037,2
7038,3
7039,2
7040,2
7041,2
7042,3
7043,2
7044,2
7045,2
7046,2
7047,2
7048,2
7049,1
7050,3
7051,2
7052,1
7053,1
7054,2
7055,3
7056,1
7057,2
7058,2
7059,3
7060,1
7061,1
7062,3
7063,3
7064,3
7065,1
7066,2
7067,3
7068,2
7069,3
7070,1
7071,1
7072,2
7073,3
7074,1
7075,3
7076,3
7077,1
7078,3
7079,3
7080,2
7081,3
7082,2
7083,3
7084,1
7085,3
7086,1
7087,1
7088,2
7089,3
7090,2
7091,3
7092,2
7093,3
7094,3
7095,3
7096,3
7097,3
7098,2
7099,3
7100,3
7101,2
7102,1
7103,3
7104,3
7105,2
7106,2
7107,3
7108,2
7109,3
7110,1
7111,3
7112,1
7113,2
7114,1
7115,3
7116,1
7117,3
7118,2
7119,3
7120,2
7121,2
7122,2
7123,3
7124,2
7125,1
7126,3
7127,3
7128,3
7129,3
7130,3
7131,1
7132,2
7133,2
7134,1
7135,1
7136,1
7137,3
7138,3
7139,2
7140,2
7141,3
7142,3
7143,2
7144,2
7145,1
7146,1
7147,2
7148,1
7149,2
7150,3
7151,2
7152,1
7153,1
7154,3
7155,3
7156,1
7157,2
7158,3
7159,2
7160,3
7161,1
7162,1
7163,3
7164,1
7165,2
7166,3
7167,3
7168,2
7169,2
7170,2
7171,1
7172,1
7173,3
7174,3
7175,3
7176,1
7177,2
7178,2
7179,3
7180,1
7181,2
7182,2
7183,2
7184,2
7185,3
7186,3
7187,2
7188,3
7189,1
7190,3
7191,1
7192,2
7193,2
7194,3
7195,1
7196,2
7197,1
7198,3
7199,3
7200,2
7201,3
7202,3
7203,2
7204,2
7205,3
7206,1
7207,2
7208,1
7209,3
7210,3
7211,3
7212,1
7213,3
7214,2
7215,2
7216,1
7217,1
7218,3
7219,2
7220,2
7221,2
7222,2
7223,1
7224,1
7225,1
7226,3
7227,1
7228,2
7229,1
7230,3
7231,3
7232,3
7233,2
7234,1
7235,3
7236,3
7237,1
7238,1
7239,2
7240,3
7241,1
7242,1
7243,1
7244,3
7245,1
7246,1
7247,2
7248,2
7249,3
7250,1
7251,1
7252,2
7253,2
7254,3
7255,2
7256,3
7257,1
7258,2
7259,2
7260,3
7261,3
7262,3
7263,3
7264,3
7265,2
7266,3
7267,3
7268,3
7269,1
7270,3
7271,1
7272,1
7273,1
7274,1
7275,1
7276,2
7277,3
7278,3
7279,2
7280,3
7281,3
7282,3
7283,1
7284,2
7285,3
7286,1
7287,1
7288,1
7289,2
7290,2
7291,3
7292,3
7293,3
7294,1
7295,2
7296,3
7297,2
7298,2
7299,3
7300,3
7301,1
7302,2
7303,1
7304,2
7305,3
7306,3
7307,1
7308,3
7309,1
7310,2
7311,3
7312,2
7313,2
7314,2
7315,1
7316,3
7317,1
7318,2
7319,3
7320,1
7321,2
7322,2
7323,1
7324,2
7325,2
7326,2
7327,1
7328,3
7329,3
7330,3
7331,3
7332,1
7333,1
7334,3
7335,2
7336,2
7337,2
7338,2
7339,1
7340,1
7341,2
7342,1
7343,1
7344,1
7345,2
7346,2
7347,2
7348,2
7349,2
7350,2
7351,2
7352,3
7353,3
7354,1
7355,1
7356,3
7357,3
7358,1
7359,3
7360,1
7361,1
7362,3
7363,3
7364,1
7365,1
7366,2
7367,3
7368,3
7369,2
7370,1
7371,1
7372,1
7373,3
7374,1
7375,3
7376,2
7377,1
7378,3
7379,3
7380,2
7381,2
7382,2
7383,2
7384,2
7385,2
7386,2
7387,1
7388,3
7389,3
7390,3
7391,2
7392,1
7393,2
7394,2
7395,1
7396,3
7397,2
7398,1
7399,1
7400,1
7401,3
7402,3
7403,1
7404,2
7405,3
7406,3
7407,1
7408,2
7409,3
7410,2
7411,1
7412,2
7413,2
7414,1
7415,1
7416,1
7417,3
7418,2
7419,2
7420,3
7421,2
7422,3
7423,3
7424,2
7425,3
7426,3
7427,1
7428,3
7429,3
7430,2
7431,2
7432,1
7433,2
7434,3
7435,3
7436,3
7437,2
7438,1
7439,3
7440,1
7441,2
7442,1
7443,3
7444,1
7445,1
7446,3
7447,1
7448,2
7449,3
7450,3
7451,3
7452,2
7453,1
7454,1
7455,1
7456,1
7457,3
7458,1
7459,3
7460,3
7461,1
7462,3
7463,3
7464,3
7465,2
7466,3
7467,2
7468,2
7469,2
7470,1
7471,3
7472,3
7473,3
7474,3
7475,2
7476,1
7477,3
7478,1
7479,3
7480,2
7481,3
7482,2
7483,1
7484,2
7485,2
7486,3
7487,1
7488,1
7489,3
7490,1
7491,2
7492,1
7493,1
7494,1
7495,2
7496,3
7497,3
7498,2
7499,3
7500,3
